Lottery Name,Draw Number,Draw Date,Draw Time,Red Balls,Blue Balls,Sales Volume,Prize Pool,一等奖 中奖条件,一等奖 中奖注数,一等奖 每注奖金(元),二等奖 中奖条件,二等奖 中奖注数,二等奖 每注奖金(元),三等奖 中奖条件,三等奖 中奖注数,三等奖 每注奖金(元),四等奖 中奖条件,四等奖 中奖注数,四等奖 每注奖金(元),五等奖 中奖条件,五等奖 中奖注数,五等奖 每注奖金(元),六等奖 中奖条件,六等奖 中奖注数,六等奖 每注奖金(元),七等奖 中奖条件,七等奖 中奖注数,七等奖 每注奖金(元),八等奖 中奖条件,八等奖 中奖注数,八等奖 每注奖金(元),九等奖 中奖条件,九等奖 中奖注数,九等奖 每注奖金(元),一等奖追加 中奖注数,一等奖追加 每注奖金(元),二等奖追加 中奖注数,二等奖追加 每注奖金(元)
大乐透,14001,开奖日期：2014-01-01,每周一、三、六21:15开奖,"5,13,20,23,29","8,11",1.21 亿,2.46 亿,5+2,1,10000000,5+1,51,92763,5+0,123,9531,4+2,369,3000,4+1,9577,600,3+2,31684,100,4,351372,10,3+1/2+2,3380557,5,"3/
                                    1+2/
                                    2+1/
                                    2",5,5,0,0,0,55657
大乐透,14002,开奖日期：2014-01-04,每周一、三、六21:15开奖,"1,12,21,24,29","1,7",1.34 亿,2.65 亿,5+2,1,10000000,5+1,49,126117,5+0,68,24699,4+2,291,3000,4+1,6351,600,3+2,21735,100,4,285146,10,3+1/2+2,3132322,5,"3/
                                    1+2/
                                    2+1/
                                    2",29,29,0,0,0,75670
大乐透,14003,开奖日期：2014-01-06,每周一、三、六21:15开奖,"7,11,13,21,33","5,6",1.21 亿,2.63 亿,5+2,2,7696913,5+1,41,110773,5+0,115,8300,4+2,315,3000,4+1,8843,600,3+2,29982,100,4,425481,10,3+1/2+2,4157375,5,"3/
                                    1+2/
                                    2+1/
                                    2",11,11,1,4618147,1,66463
大乐透,14004,开奖日期：2014-01-08,每周一、三、六21:15开奖,"7,10,19,27,28","9,12",1.21 亿,2.59 亿,5+2,2,7468802,5+1,60,65432,5+0,185,6000,4+2,614,3000,4+1,10719,600,3+2,37128,100,4,427141,10,3+1/2+2,3876420,5,"3/
                                    1+2/
                                    2+1/
                                    2",28,28,1,4481281,1,39259
大乐透,14005,开奖日期：2014-01-11,每周一、三、六21:15开奖,"15,17,18,29,33","4,8",1.32 亿,2.51 亿,5+2,4,6981095,5+1,38,125187,5+0,79,15111,4+2,404,3000,4+1,8849,600,3+2,33828,100,4,459814,10,3+1/2+2,4399505,5,"3/
                                    1+2/
                                    2+1/
                                    2",29,29,0,0,0,75112
大乐透,14006,开奖日期：2014-01-13,每周一、三、六21:15开奖,"1,4,7,16,35","6,8",1.19 亿,2.80 亿,5+2,0,0,5+1,29,186411,5+0,58,27365,4+2,156,3000,4+1,4370,600,3+2,16594,100,4,212248,10,3+1/2+2,2572950,5,"3/
                                    1+2/
                                    2+1/
                                    2",7,7,0,0,0,111846
大乐透,14007,开奖日期：2014-01-15,每周一、三、六21:15开奖,"8,11,14,21,32","3,11",1.23 亿,2.63 亿,5+2,5,6378533,5+1,99,47129,5+0,99,11467,4+2,660,3000,4+1,9003,600,3+2,32056,100,4,392520,10,3+1/2+2,3641327,5,"3/
                                    1+2/
                                    2+1/
                                    2",21,21,1,3827119,1,28277
大乐透,14008,开奖日期：2014-01-18,每周一、三、六21:15开奖,"11,13,20,28,35","1,5",1.38 亿,2.82 亿,5+2,1,10000000,5+1,29,242212,5+0,63,26471,4+2,304,3000,4+1,6409,600,3+2,23663,100,4,310758,10,3+1/2+2,3399230,5,"3/
                                    1+2/
                                    2+1/
                                    2",13,13,0,0,0,145327
大乐透,14009,开奖日期：2014-01-20,每周一、三、六21:15开奖,"10,18,25,29,33","7,8",1.24 亿,2.78 亿,5+2,2,7224139,5+1,125,26297,5+0,123,6349,4+2,567,3000,4+1,12268,600,3+2,36612,100,4,481006,10,3+1/2+2,4250411,5,"3/
                                    1+2/
                                    2+1/
                                    2",33,33,1,4334483,1,15778
大乐透,14010,开奖日期：2014-01-22,每周一、三、六21:15开奖,"5,10,20,26,27","1,3",1.27 亿,2.89 亿,5+2,2,10000000,5+1,42,167815,5+0,78,23214,4+2,196,3000,4+1,5370,600,3+2,20069,100,4,201160,10,3+1/2+2,2273783,5,"3/
                                    1+2/
                                    2+1/
                                    2",0,0,0,0,0,100689
大乐透,14011,开奖日期：2014-01-25,每周一、三、六21:15开奖,"4,6,14,24,35","7,12",1.38 亿,3.05 亿,5+2,1,10000000,5+1,26,273756,5+0,80,20544,4+2,285,3000,4+1,5762,600,3+2,22388,100,4,257550,10,3+1/2+2,2850473,5,"3/
                                    1+2/
                                    2+1/
                                    2",4,4,1,6000000,1,164253
大乐透,14012,开奖日期：2014-01-27,每周一、三、六21:15开奖,"9,20,21,23,29","5,7",1.27 亿,3.09 亿,5+2,1,9827845,5+1,64,74203,5+0,96,11854,4+2,362,3000,4+1,10737,600,3+2,34997,100,4,414117,10,3+1/2+2,3831853,5,"3/
                                    1+2/
                                    2+1/
                                    2",21,21,1,5896707,1,44521
大乐透,14013,开奖日期：2014-01-29,每周一、三、六21:15开奖,"10,11,13,22,28","4,12",1.37 亿,3.24 亿,5+2,1,10000000,5+1,91,61637,5+0,192,7193,4+2,370,3000,4+1,9585,600,3+2,38459,100,4,341279,10,3+1/2+2,3522459,5,"3/
                                    1+2/
                                    2+1/
                                    2",28,28,0,0,0,36982
大乐透,14014,开奖日期：2014-02-08,每周一、三、六21:15开奖,"1,9,11,27,29","3,11",1.30 亿,3.25 亿,5+2,2,8694497,5+1,42,102624,5+0,136,8599,4+2,808,3000,4+1,9611,600,3+2,38418,100,4,472624,10,3+1/2+2,4037888,5,"3/
                                    1+2/
                                    2+1/
                                    2",9,9,0,0,0,61574
大乐透,14015,开奖日期：2014-02-10,每周一、三、六21:15开奖,"4,6,18,20,30","5,7",1.19 亿,3.36 亿,5+2,1,10000000,5+1,40,130654,5+0,92,13693,4+2,352,3000,4+1,7648,600,3+2,27367,100,4,334347,10,3+1/2+2,3264305,5,"3/
                                    1+2/
                                    2+1/
                                    2",6,6,0,0,0,78392
大乐透,14016,开奖日期：2014-02-12,每周一、三、六21:15开奖,"4,6,13,24,34","4,9",1.23 亿,3.12 亿,5+2,8,6326869,5+1,21,302420,5+0,49,34825,4+2,288,3000,4+1,4877,600,3+2,20658,100,4,273045,10,3+1/2+2,3012052,5,"3/
                                    1+2/
                                    2+1/
                                    2",34,34,0,0,0,181452
大乐透,14017,开奖日期：2014-02-15,每周一、三、六21:15开奖,"5,10,11,23,34","1,10",1.37 亿,2.96 亿,5+2,5,6712143,5+1,31,206428,5+0,56,30703,4+2,224,3000,4+1,6358,600,3+2,26095,100,4,300034,10,3+1/2+2,3325542,5,"3/
                                    1+2/
                                    2+1/
                                    2",23,23,3,4027285,3,123856
大乐透,14018,开奖日期：2014-02-17,每周一、三、六21:15开奖,"8,9,12,28,34","2,12",1.22 亿,3.18 亿,5+2,0,0,5+1,41,126284,5+0,39,33445,4+2,311,3000,4+1,6735,600,3+2,26731,100,4,349886,10,3+1/2+2,3532274,5,"3/
                                    1+2/
                                    2+1/
                                    2",34,34,0,0,0,75770
大乐透,14019,开奖日期：2014-02-19,每周一、三、六21:15开奖,"7,12,22,29,32","11,12",1.28 亿,3.16 亿,5+2,2,7976663,5+1,70,62013,5+0,162,6868,4+2,371,3000,4+1,11189,600,3+2,37358,100,4,398183,10,3+1/2+2,3805731,5,"3/
                                    1+2/
                                    2+1/
                                    2",32,32,1,4785997,1,37207
大乐透,14020,开奖日期：2014-02-22,每周一、三、六21:15开奖,"1,14,17,30,35","6,7",1.42 亿,3.23 亿,5+2,2,10000000,5+1,37,161466,5+0,97,15547,4+2,402,3000,4+1,8466,600,3+2,27620,100,4,380618,10,3+1/2+2,3944823,5,"3/
                                    1+2/
                                    2+1/
                                    2",14,14,0,0,0,96879
大乐透,14021,开奖日期：2014-02-24,每周一、三、六21:15开奖,"6,10,17,23,24","3,9",1.29 亿,3.09 亿,5+2,4,6564613,5+1,39,108915,5+0,129,8308,4+2,497,3000,4+1,7340,600,3+2,33067,100,4,424013,10,3+1/2+2,4098323,5,"3/
                                    1+2/
                                    2+1/
                                    2",10,10,2,3938767,2,65349
大乐透,14022,开奖日期：2014-02-26,每周一、三、六21:15开奖,"3,6,10,16,25","10,11",1.30 亿,3.26 亿,5+2,1,10000000,5+1,29,209938,5+0,89,17775,4+2,256,3000,4+1,6956,600,3+2,22496,100,4,310371,10,3+1/2+2,3302290,5,"3/
                                    1+2/
                                    2+1/
                                    2",6,6,0,0,0,125962
大乐透,14023,开奖日期：2014-03-01,每周一、三、六21:15开奖,"4,13,15,29,33","5,9",1.42 亿,3.06 亿,5+2,4,5835860,5+1,105,25417,5+0,163,6000,4+2,969,3000,4+1,19309,600,3+2,51088,100,4,625487,10,3+1/2+2,5095366,5,"3/
                                    1+2/
                                    2+1/
                                    2",33,33,2,3501516,2,15250
大乐透,14024,开奖日期：2014-03-03,每周一、三、六21:15开奖,"7,11,15,31,32","6,11",1.30 亿,2.98 亿,5+2,4,7145411,5+1,32,178784,5+0,130,11250,4+2,254,3000,4+1,8064,600,3+2,31838,100,4,331241,10,3+1/2+2,3362743,5,"3/
                                    1+2/
                                    2+1/
                                    2",31,31,1,4287246,1,107270
大乐透,14025,开奖日期：2014-03-05,每周一、三、六21:15开奖,"19,20,27,32,34","6,8",1.29 亿,2.92 亿,5+2,3,7282407,5+1,49,97469,5+0,87,13042,4+2,572,3000,4+1,10411,600,3+2,28363,100,4,411914,10,3+1/2+2,3702271,5,"3/
                                    1+2/
                                    2+1/
                                    2",19,19,1,4369444,1,58481
大乐透,14026,开奖日期：2014-03-08,每周一、三、六21:15开奖,"5,10,12,15,26","4,8",1.40 亿,3.18 亿,5+2,0,0,5+1,91,63618,5+0,107,13521,4+2,309,3000,4+1,8138,600,3+2,28940,100,4,396705,10,3+1/2+2,3963269,5,"3/
                                    1+2/
                                    2+1/
                                    2",26,26,0,0,0,38170
大乐透,14027,开奖日期：2014-03-10,每周一、三、六21:15开奖,"9,10,24,28,29","10,12",1.30 亿,3.14 亿,5+2,3,7411068,5+1,49,89630,5+0,139,6727,4+2,478,3000,4+1,12077,600,3+2,35195,100,4,444128,10,3+1/2+2,4095219,5,"3/
                                    1+2/
                                    2+1/
                                    2",10,10,0,0,0,53778
大乐透,14028,开奖日期：2014-03-12,每周一、三、六21:15开奖,"3,10,20,25,30","10,12",1.30 亿,3.23 亿,5+2,1,10000000,5+1,38,156895,5+0,87,16957,4+2,347,3000,4+1,9175,600,3+2,30551,100,4,315777,10,3+1/2+2,3065715,5,"3/
                                    1+2/
                                    2+1/
                                    2",25,25,1,6000000,1,94137
大乐透,14029,开奖日期：2014-03-15,每周一、三、六21:15开奖,"3,21,22,23,35","5,9",1.44 亿,3.03 亿,5+2,6,6258224,5+1,87,51836,5+0,180,6443,4+2,695,3000,4+1,12225,600,3+2,40443,100,4,453805,10,3+1/2+2,4449238,5,"3/
                                    1+2/
                                    2+1/
                                    2",35,35,1,3754934,1,31101
大乐透,14030,开奖日期：2014-03-17,每周一、三、六21:15开奖,"3,14,18,29,35","11,12",1.28 亿,3.00 亿,5+2,3,7931261,5+1,20,356849,5+0,55,31470,4+2,207,3000,4+1,4765,600,3+2,17048,100,4,229088,10,3+1/2+2,2662754,5,"3/
                                    1+2/
                                    2+1/
                                    2",18,18,2,4758756,2,214109
大乐透,14031,开奖日期：2014-03-19,每周一、三、六21:15开奖,"6,15,27,32,33","3,4",1.25 亿,2.98 亿,5+2,2,7755906,5+1,151,20925,5+0,437,6000,4+2,481,3000,4+1,17035,600,3+2,41237,100,4,446152,10,3+1/2+2,3923687,5,"3/
                                    1+2/
                                    2+1/
                                    2",27,27,0,0,0,12555
大乐透,14032,开奖日期：2014-03-22,每周一、三、六21:15开奖,"2,5,6,9,31","2,9",1.39 亿,3.13 亿,5+2,1,10000000,5+1,41,141051,5+0,56,26731,4+2,531,3000,4+1,7312,600,3+2,29830,100,4,414465,10,3+1/2+2,4069900,5,"3/
                                    1+2/
                                    2+1/
                                    2",5,5,0,0,0,84630
大乐透,14033,开奖日期：2014-03-24,每周一、三、六21:15开奖,"1,7,8,28,29","4,8",1.26 亿,3.14 亿,5+2,2,8601186,5+1,121,30583,5+0,257,6000,4+2,452,3000,4+1,12287,600,3+2,40441,100,4,400938,10,3+1/2+2,3728835,5,"3/
                                    1+2/
                                    2+1/
                                    2",8,8,0,0,0,18349
大乐透,14034,开奖日期：2014-03-26,每周一、三、六21:15开奖,"3,11,14,27,32","5,7",1.27 亿,2.94 亿,5+2,6,6124320,5+1,143,23326,5+0,122,7862,4+2,805,3000,4+1,8995,600,3+2,33886,100,4,446854,10,3+1/2+2,4301883,5,"3/
                                    1+2/
                                    2+1/
                                    2",27,27,0,0,0,13995
大乐透,14035,开奖日期：2014-03-29,每周一、三、六21:15开奖,"9,12,14,28,29","3,10",1.38 亿,2.91 亿,5+2,3,7777938,5+1,71,87265,5+0,110,12166,4+2,557,3000,4+1,7409,600,3+2,30677,100,4,377124,10,3+1/2+2,3944708,5,"3/
                                    1+2/
                                    2+1/
                                    2",14,14,1,4666762,1,52359
大乐透,14036,开奖日期：2014-03-31,每周一、三、六21:15开奖,"1,2,12,17,29","3,8",1.25 亿,2.93 亿,5+2,3,8790665,5+1,33,177965,5+0,141,12387,4+2,363,3000,4+1,4951,600,3+2,20267,100,4,241547,10,3+1/2+2,2694462,5,"3/
                                    1+2/
                                    2+1/
                                    2",2,2,0,0,0,106779
大乐透,14037,开奖日期：2014-04-02,每周一、三、六21:15开奖,"3,4,8,19,34","2,4",1.24 亿,2.95 亿,5+2,2,8784473,5+1,45,128622,5+0,82,19024,4+2,280,3000,4+1,8192,600,3+2,26503,100,4,304379,10,3+1/2+2,3032253,5,"3/
                                    1+2/
                                    2+1/
                                    2",3,3,1,5270683,1,77173
大乐透,14038,开奖日期：2014-04-05,每周一、三、六21:15开奖,"7,8,12,20,32","3,5",1.31 亿,2.91 亿,5+2,3,7558526,5+1,46,105870,5+0,150,7706,4+2,397,3000,4+1,8969,600,3+2,28609,100,4,382025,10,3+1/2+2,3662088,5,"3/
                                    1+2/
                                    2+1/
                                    2",32,32,1,4535115,1,63522
大乐透,14039,开奖日期：2014-04-07,每周一、三、六21:15开奖,"2,5,11,15,20","8,11",1.22 亿,3.17 亿,5+2,0,0,5+1,32,177295,5+0,53,29751,4+2,257,3000,4+1,5184,600,3+2,21861,100,4,278139,10,3+1/2+2,3026485,5,"3/
                                    1+2/
                                    2+1/
                                    2",11,11,0,0,0,106377
大乐透,14040,开奖日期：2014-04-09,每周一、三、六21:15开奖,"12,15,21,30,33","2,8",1.28 亿,3.20 亿,5+2,2,9249673,5+1,29,230190,5+0,115,14364,4+2,304,3000,4+1,5776,600,3+2,23908,100,4,268030,10,3+1/2+2,2975538,5,"3/
                                    1+2/
                                    2+1/
                                    2",21,21,1,5549803,1,138114
大乐透,14041,开奖日期：2014-04-12,每周一、三、六21:15开奖,"5,7,11,15,18","5,12",1.39 亿,3.25 亿,5+2,2,9657920,5+1,37,185177,5+0,63,27129,4+2,290,3000,4+1,5970,600,3+2,22579,100,4,306568,10,3+1/2+2,3334447,5,"3/
                                    1+2/
                                    2+1/
                                    2",11,11,1,5794752,1,111106
大乐透,14042,开奖日期：2014-04-14,每周一、三、六21:15开奖,"16,21,25,27,35","6,11",1.27 亿,3.20 亿,5+2,4,7374876,5+1,33,181982,5+0,55,26475,4+2,301,3000,4+1,6980,600,3+2,23876,100,4,355665,10,3+1/2+2,3548825,5,"3/
                                    1+2/
                                    2+1/
                                    2",27,27,0,0,0,109189
大乐透,14043,开奖日期：2014-04-16,每周一、三、六21:15开奖,"1,11,23,29,30","1,12",1.27 亿,3.47 亿,5+2,0,0,5+1,57,100530,5+0,150,10358,4+2,301,3000,4+1,6257,600,3+2,23601,100,4,263415,10,3+1/2+2,2856251,5,"3/
                                    1+2/
                                    2+1/
                                    2",30,30,0,0,0,60318
大乐透,14044,开奖日期：2014-04-19,每周一、三、六21:15开奖,"22,23,25,27,35","3,11",1.37 亿,3.58 亿,5+2,2,10000000,5+1,45,164774,5+0,67,25389,4+2,365,3000,4+1,6344,600,3+2,21749,100,4,272770,10,3+1/2+2,2974846,5,"3/
                                    1+2/
                                    2+1/
                                    2",27,27,0,0,0,98864
大乐透,14045,开奖日期：2014-04-21,每周一、三、六21:15开奖,"6,10,12,16,30","2,11",1.24 亿,3.77 亿,5+2,1,10000000,5+1,33,194585,5+0,77,22878,4+2,181,3000,4+1,5504,600,3+2,22300,100,4,229232,10,3+1/2+2,2579863,5,"3/
                                    1+2/
                                    2+1/
                                    2",6,6,0,0,0,116751
大乐透,14046,开奖日期：2014-04-23,每周一、三、六21:15开奖,"3,15,18,21,26","1,6",1.27 亿,3.88 亿,5+2,1,10000000,5+1,22,310052,5+0,105,13748,4+2,271,3000,4+1,6450,600,3+2,25272,100,4,279205,10,3+1/2+2,2959779,5,"3/
                                    1+2/
                                    2+1/
                                    2",15,15,1,6000000,1,186031
大乐透,14047,开奖日期：2014-04-26,每周一、三、六21:15开奖,"6,17,18,30,34","6,12",1.40 亿,4.05 亿,5+2,1,10000000,5+1,54,149381,5+0,91,19200,4+2,331,3000,4+1,5751,600,3+2,23212,100,4,262334,10,3+1/2+2,2839429,5,"3/
                                    1+2/
                                    2+1/
                                    2",18,18,1,6000000,1,89628
大乐透,14048,开奖日期：2014-04-28,每周一、三、六21:15开奖,"1,2,5,15,35","1,11",1.32 亿,4.10 亿,5+2,2,9734953,5+1,24,297364,5+0,86,21065,4+2,304,3000,4+1,6058,600,3+2,23547,100,4,251842,10,3+1/2+2,2620317,5,"3/
                                    1+2/
                                    2+1/
                                    2",15,15,1,5840971,1,178418
大乐透,14049,开奖日期：2014-04-30,每周一、三、六21:15开奖,"3,15,17,22,31","3,5",1.29 亿,4.28 亿,5+2,1,10000000,5+1,34,187598,5+0,146,12061,4+2,221,3000,4+1,6064,600,3+2,20122,100,4,284662,10,3+1/2+2,3174934,5,"3/
                                    1+2/
                                    2+1/
                                    2",31,31,0,0,0,112558
大乐透,14050,开奖日期：2014-05-03,每周一、三、六21:15开奖,"10,18,27,28,35","1,6",1.43 亿,4.50 亿,5+2,1,10000000,5+1,24,302800,5+0,88,20253,4+2,240,3000,4+1,6785,600,3+2,26204,100,4,289968,10,3+1/2+2,3135805,5,"3/
                                    1+2/
                                    2+1/
                                    2",10,10,0,0,0,181680
大乐透,14051,开奖日期：2014-05-05,每周一、三、六21:15开奖,"1,7,11,29,30","3,11",1.41 亿,4.27 亿,5+2,6,6187200,5+1,62,78927,5+0,247,6000,4+2,939,3000,4+1,12093,600,3+2,46904,100,4,434301,10,3+1/2+2,3778860,5,"3/
                                    1+2/
                                    2+1/
                                    2",30,30,2,3712320,2,47356
大乐透,14052,开奖日期：2014-05-07,每周一、三、六21:15开奖,"14,19,21,24,30","2,7",1.49 亿,4.48 亿,5+2,1,15000000,5+1,25,244998,5+0,468,5385,4+2,22449,200,4+1,433373,10,3+2,4086937,5,4,0,0,3+1/2+2,0,0,"3/
                                    1+2/
                                    2+1/
                                    2",24,24,0,0,0,146998
大乐透,14053,开奖日期：2014-05-10,每周一、三、六21:15开奖,"2,11,17,27,30","3,4",1.63 亿,4.66 亿,5+2,2,15000000,5+1,56,138015,5+0,489,6249,4+2,20953,200,4+1,413212,10,3+2,4027264,5,4,0,0,3+1/2+2,0,0,"3/
                                    1+2/
                                    2+1/
                                    2",2,2,0,0,0,82809
大乐透,14054,开奖日期：2014-05-12,每周一、三、六21:15开奖,"2,3,20,25,34","1,12",1.51 亿,4.80 亿,5+2,2,15000000,5+1,72,126347,5+0,228,13696,4+2,13009,200,4+1,262523,10,3+2,2925371,5,4,0,0,3+1/2+2,0,0,"3/
                                    1+2/
                                    2+1/
                                    2",34,34,1,6000000,1,75808
大乐透,14055,开奖日期：2014-05-14,每周一、三、六21:15开奖,"4,23,26,27,35","10,11",1.51 亿,4.98 亿,5+2,1,15000000,5+1,75,75399,5+0,472,4517,4+2,28400,200,4+1,558953,10,3+2,4811645,5,4,0,0,3+1/2+2,0,0,"3/
                                    1+2/
                                    2+1/
                                    2",26,26,0,0,0,45239
大乐透,14056,开奖日期：2014-05-17,每周一、三、六21:15开奖,"12,18,28,29,35","7,8",1.70 亿,5.18 亿,5+2,1,15000000,5+1,61,97524,5+0,669,3546,4+2,34607,200,4+1,632744,10,3+2,5511507,5,4,0,0,3+1/2+2,0,0,"3/
                                    1+2/
                                    2+1/
                                    2",28,28,0,0,0,58514
大乐透,14057,开奖日期：2014-05-19,每周一、三、六21:15开奖,"8,10,20,27,33","1,9",1.58 亿,5.14 亿,5+2,4,12947382,5+1,40,160094,5+0,514,4875,4+2,23153,200,4+1,461135,10,3+2,4527358,5,4,0,0,3+1/2+2,0,0,"3/
                                    1+2/
                                    2+1/
                                    2",20,20,1,4898864,1,96056
大乐透,14058,开奖日期：2014-05-21,每周一、三、六21:15开奖,"9,15,22,24,26","2,7",1.57 亿,5.14 亿,5+2,3,11810787,5+1,63,106443,5+0,562,4758,4+2,25697,200,4+1,467053,10,3+2,4290908,5,4,0,0,3+1/2+2,0,0,"3/
                                    1+2/
                                    2+1/
                                    2",22,22,1,5419806,1,63865
大乐透,14059,开奖日期：2014-05-24,每周一、三、六21:15开奖,"7,15,17,25,29","4,11",1.72 亿,4.99 亿,5+2,6,8656549,5+1,89,71247,5+0,1083,2437,4+2,37215,200,4+1,618383,10,3+2,5214835,5,4,0,0,3+1/2+2,0,0,"3/
                                    1+2/
                                    2+1/
                                    2",25,25,1,4284838,1,42748
大乐透,14060,开奖日期：2014-05-26,每周一、三、六21:15开奖,"12,22,29,30,34","5,11",1.55 亿,5.08 亿,5+2,2,13846153,5+1,50,140672,5+0,386,7434,4+2,20856,200,4+1,408778,10,3+2,3932730,5,4,0,0,3+1/2+2,0,0,"3/
                                    1+2/
                                    2+1/
                                    2",29,29,1,6000000,1,84403
大乐透,14061,开奖日期：2014-05-28,每周一、三、六21:15开奖,"4,11,17,20,29","6,10",1.57 亿,5.31 亿,5+2,1,15000000,5+1,48,127498,5+0,478,5278,4+2,22364,200,4+1,448698,10,3+2,4769495,5,4,0,0,3+1/2+2,0,0,"3/
                                    1+2/
                                    2+1/
                                    2",29,29,0,0,0,76498
大乐透,14062,开奖日期：2014-05-31,每周一、三、六21:15开奖,"4,7,17,24,25","2,4",1.72 亿,5.77 亿,5+2,0,0,5+1,48,197762,5+0,513,7442,4+2,16423,200,4+1,310251,10,3+2,3109938,5,4,0,0,3+1/2+2,0,0,"3/
                                    1+2/
                                    2+1/
                                    2",17,17,0,0,0,118657
大乐透,14063,开奖日期：2014-06-02,每周一、三、六21:15开奖,"11,17,21,23,34","3,4",1.49 亿,6.03 亿,5+2,1,15000000,5+1,28,279350,5+0,292,10168,4+2,14762,200,4+1,320619,10,3+2,3419439,5,4,0,0,3+1/2+2,0,0,"3/
                                    1+2/
                                    2+1/
                                    2",17,17,0,0,0,167610
大乐透,14064,开奖日期：2014-06-04,每周一、三、六21:15开奖,"8,15,33,34,35","1,8",1.75 亿,6.05 亿,5+2,3,14481293,5+1,168,36266,5+0,1237,1958,4+2,43855,200,4+1,677102,10,3+2,5427801,5,4,0,0,3+1/2+2,0,0,"3/
                                    1+2/
                                    2+1/
                                    2",34,34,0,0,0,21759
大乐透,14065,开奖日期：2014-06-07,每周一、三、六21:15开奖,"7,12,19,31,33","7,12",1.90 亿,5.93 亿,5+2,5,11403800,5+1,54,129775,5+0,1046,2435,4+2,40877,200,4+1,680400,10,3+2,6227300,5,4,0,0,3+1/2+2,0,0,"3/
                                    1+2/
                                    2+1/
                                    2",12,12,2,4422925,2,77865
大乐透,14066,开奖日期：2014-06-09,每周一、三、六21:15开奖,"8,14,16,20,31","3,11",1.71 亿,6.10 亿,5+2,2,15000000,5+1,34,199482,5+0,496,5693,4+2,22404,200,4+1,444439,10,3+2,4913345,5,4,0,0,3+1/2+2,0,0,"3/
                                    1+2/
                                    2+1/
                                    2",20,20,0,0,0,119689
大乐透,14067,开奖日期：2014-06-11,每周一、三、六21:15开奖,"3,18,23,24,31","3,7",1.70 亿,6.43 亿,5+2,1,10000000,5+1,27,341706,5+0,387,8812,4+2,19262,200,4+1,357865,10,3+2,3541517,5,4,0,0,3+1/2+2,0,0,"3/
                                    1+2/
                                    2+1/
                                    2",24,24,0,0,0,205023
大乐透,14068,开奖日期：2014-06-14,每周一、三、六21:15开奖,"5,15,24,29,35","5,6",1.84 亿,6.49 亿,5+2,3,10000000,5+1,91,79136,5+0,770,3571,4+2,31639,200,4+1,604480,10,3+2,5563443,5,4,0,0,3+1/2+2,0,0,"3/
                                    1+2/
                                    2+1/
                                    2",29,29,0,0,0,47481
大乐透,14069,开奖日期：2014-06-16,每周一、三、六21:15开奖,"16,22,27,29,31","2,9",1.66 亿,6.58 亿,5+2,2,10000000,5+1,26,228365,5+0,604,3867,4+2,31465,200,4+1,563225,10,3+2,5533802,5,4,0,0,3+1/2+2,0,0,"3/
                                    1+2/
                                    2+1/
                                    2",16,16,0,0,0,137019
大乐透,14070,开奖日期：2014-06-18,每周一、三、六21:15开奖,"1,2,7,10,32","4,12",1.68 亿,6.70 亿,5+2,2,10000000,5+1,57,119758,5+0,880,2833,4+2,37885,200,4+1,591819,10,3+2,4942223,5,4,0,0,3+1/2+2,0,0,"3/
                                    1+2/
                                    2+1/
                                    2",7,7,0,0,0,71854
大乐透,14071,开奖日期：2014-06-21,每周一、三、六21:15开奖,"4,14,15,22,23","1,7",1.86 亿,6.97 亿,5+2,1,10000000,5+1,43,221374,5+0,738,4752,4+2,24227,200,4+1,468005,10,3+2,4572991,5,4,0,0,3+1/2+2,0,0,"3/
                                    1+2/
                                    2+1/
                                    2",22,22,1,6000000,1,132824
大乐透,14072,开奖日期：2014-06-23,每周一、三、六21:15开奖,"17,19,22,24,30","2,9",1.69 亿,7.27 亿,5+2,1,10000000,5+1,27,331930,5+0,430,7578,4+2,18547,200,4+1,375653,10,3+2,3984353,5,4,0,0,3+1/2+2,0,0,"3/
                                    1+2/
                                    2+1/
                                    2",17,17,0,0,0,199158
大乐透,14073,开奖日期：2014-06-25,每周一、三、六21:15开奖,"4,5,7,13,35","5,6",1.79 亿,7.29 亿,5+2,3,9270829,5+1,121,54235,5+0,534,6278,4+2,21411,200,4+1,445016,10,3+2,4644353,5,4,0,0,3+1/2+2,0,0,"3/
                                    1+2/
                                    2+1/
                                    2",13,13,2,5562497,2,32541
大乐透,14074,开奖日期：2014-06-28,每周一、三、六21:15开奖,"6,11,22,27,30","5,11",1.98 亿,7.51 亿,5+2,2,10000000,5+1,104,81061,5+0,857,3810,4+2,34283,200,4+1,592134,10,3+2,5476916,5,4,0,0,3+1/2+2,0,0,"3/
                                    1+2/
                                    2+1/
                                    2",6,6,0,0,0,48636
大乐透,14075,开奖日期：2014-06-30,每周一、三、六21:15开奖,"5,7,29,32,35","4,10",1.79 亿,7.29 亿,5+2,7,6725435,5+1,55,118422,5+0,1127,2170,4+2,43907,200,4+1,705123,10,3+2,5967528,5,4,0,0,3+1/2+2,0,0,"3/
                                    1+2/
                                    2+1/
                                    2",35,35,1,4035261,1,71053
大乐透,14076,开奖日期：2014-07-02,每周一、三、六21:15开奖,"5,10,19,31,32","9,10",1.78 亿,7.61 亿,5+2,1,10000000,5+1,81,92632,5+0,662,5068,4+2,24247,200,4+1,438369,10,3+2,4271674,5,4,0,0,3+1/2+2,0,0,"3/
                                    1+2/
                                    2+1/
                                    2",31,31,0,0,0,55579
大乐透,14077,开奖日期：2014-07-05,每周一、三、六21:15开奖,"9,16,26,31,32","1,5",1.93 亿,7.65 亿,5+2,3,9819134,5+1,55,167784,5+0,491,7459,4+2,21997,200,4+1,451852,10,3+2,4551553,5,4,0,0,3+1/2+2,0,0,"3/
                                    1+2/
                                    2+1/
                                    2",31,31,2,5891480,2,100670
大乐透,14078,开奖日期：2014-07-07,每周一、三、六21:15开奖,"10,15,16,22,28","4,5",1.73 亿,7.78 亿,5+2,3,10000000,5+1,73,119758,5+0,711,4636,4+2,20035,200,4+1,365653,10,3+2,3731923,5,4,0,0,3+1/2+2,0,0,"3/
                                    1+2/
                                    2+1/
                                    2",22,22,0,0,0,71854
大乐透,14079,开奖日期：2014-07-09,每周一、三、六21:15开奖,"9,10,20,31,32","6,10",1.74 亿,7.84 亿,5+2,3,10000000,5+1,64,134339,5+0,560,5813,4+2,21797,200,4+1,410786,10,3+2,4058840,5,4,0,0,3+1/2+2,0,0,"3/
                                    1+2/
                                    2+1/
                                    2",31,31,1,6000000,1,80603
大乐透,14080,开奖日期：2014-07-12,每周一、三、六21:15开奖,"17,20,23,25,27","3,10",1.94 亿,7.92 亿,5+2,3,10000000,5+1,49,204471,5+0,440,8093,4+2,22492,200,4+1,477649,10,3+2,4947027,5,4,0,0,3+1/2+2,0,0,"3/
                                    1+2/
                                    2+1/
                                    2",20,20,1,6000000,1,122682
大乐透,14081,开奖日期：2014-07-14,每周一、三、六21:15开奖,"3,5,8,10,25","9,12",1.76 亿,8.30 亿,5+2,0,0,5+1,43,166437,5+0,593,4789,4+2,25931,200,4+1,488440,10,3+2,4816650,5,4,0,0,3+1/2+2,0,0,"3/
                                    1+2/
                                    2+1/
                                    2",8,8,0,0,0,99862
大乐透,14082,开奖日期：2014-07-16,每周一、三、六21:15开奖,"1,8,18,23,25","8,12",1.82 亿,8.72 亿,5+2,0,0,5+1,43,191919,5+0,517,6111,4+2,23343,200,4+1,454377,10,3+2,4497459,5,4,0,0,3+1/2+2,0,0,"3/
                                    1+2/
                                    2+1/
                                    2",18,18,0,0,0,115151
大乐透,14083,开奖日期：2014-07-19,每周一、三、六21:15开奖,"18,20,24,33,35","5,10",2.04 亿,8.92 亿,5+2,2,10000000,5+1,83,101782,5+0,848,3872,4+2,36233,200,4+1,650877,10,3+2,6144157,5,4,0,0,3+1/2+2,0,0,"3/
                                    1+2/
                                    2+1/
                                    2",35,35,0,0,0,61069
大乐透,14084,开奖日期：2014-07-21,每周一、三、六21:15开奖,"2,7,9,11,28","5,9",1.81 亿,8.76 亿,5+2,7,7224209,5+1,126,53920,5+0,583,5276,4+2,29031,200,4+1,528922,10,3+2,4942807,5,4,0,0,3+1/2+2,0,0,"3/
                                    1+2/
                                    2+1/
                                    2",9,9,1,4334525,1,32352
大乐透,14085,开奖日期：2014-07-23,每周一、三、六21:15开奖,"6,12,13,25,29","11,12",1.79 亿,8.79 亿,5+2,3,9894855,5+1,108,68110,5+0,1108,2539,4+2,35482,200,4+1,660912,10,3+2,5454030,5,4,0,0,3+1/2+2,0,0,"3/
                                    1+2/
                                    2+1/
                                    2",25,25,0,0,0,40866
大乐透,14086,开奖日期：2014-07-26,每周一、三、六21:15开奖,"6,8,27,29,35","3,9",2.02 亿,8.87 亿,5+2,4,10000000,5+1,57,173491,5+0,644,5426,4+2,24206,200,4+1,483171,10,3+2,4914721,5,4,0,0,3+1/2+2,0,0,"3/
                                    1+2/
                                    2+1/
                                    2",29,29,0,0,0,104094
大乐透,14087,开奖日期：2014-07-28,每周一、三、六21:15开奖,"4,7,31,33,35","9,10",1.75 亿,9.17 亿,5+2,1,10000000,5+1,55,134240,5+0,469,7077,4+2,24473,200,4+1,464985,10,3+2,4235973,5,4,0,0,3+1/2+2,0,0,"3/
                                    1+2/
                                    2+1/
                                    2",4,4,0,0,0,80544
大乐透,14088,开奖日期：2014-07-30,每周一、三、六21:15开奖,"7,13,20,25,26","8,11",1.84 亿,9.30 亿,5+2,2,10000000,5+1,108,80866,5+0,704,4136,4+2,26419,200,4+1,525810,10,3+2,5180022,5,4,0,0,3+1/2+2,0,0,"3/
                                    1+2/
                                    2+1/
                                    2",25,25,1,6000000,1,48519
大乐透,14089,开奖日期：2014-08-02,每周一、三、六21:15开奖,"2,8,12,29,30","7,12",2.06 亿,8.97 亿,5+2,9,6270293,5+1,119,48131,5+0,2259,1500,4+2,67746,200,4+1,947549,10,3+2,7513923,5,4,0,0,3+1/2+2,0,0,"3/
                                    1+2/
                                    2+1/
                                    2",8,8,1,3762175,1,28878
大乐透,14090,开奖日期：2014-08-04,每周一、三、六21:15开奖,"2,3,20,23,28","6,8",1.77 亿,4.40 亿,5+2,60,5182460,5+1,69,117087,5+0,471,6410,4+2,22236,200,4+1,445515,10,3+2,4649081,5,4,0,0,3+1/2+2,0,0,"3/
                                    1+2/
                                    2+1/
                                    2",23,23,60,3109476,60,70252
大乐透,14091,开奖日期：2014-08-06,每周一、三、六21:15开奖,"10,16,18,29,32","2,7",1.72 亿,4.67 亿,5+2,1,10000000,5+1,42,188651,5+0,596,4881,4+2,25840,200,4+1,479115,10,3+2,4697342,5,4,0,0,3+1/2+2,0,0,"3/
                                    1+2/
                                    2+1/
                                    2",18,18,0,0,0,113190
大乐透,14092,开奖日期：2014-08-09,每周一、三、六21:15开奖,"2,18,27,30,32","5,11",1.86 亿,4.98 亿,5+2,1,10000000,5+1,36,246536,5+0,514,6270,4+2,22291,200,4+1,462985,10,3+2,4928331,5,4,0,0,3+1/2+2,0,0,"3/
                                    1+2/
                                    2+1/
                                    2",27,27,0,0,0,147921
大乐透,14093,开奖日期：2014-08-11,每周一、三、六21:15开奖,"3,8,30,32,34","9,11",1.66 亿,5.38 亿,5+2,0,0,5+1,63,128041,5+0,408,7566,4+2,17740,200,4+1,391337,10,3+2,3974768,5,4,0,0,3+1/2+2,0,0,"3/
                                    1+2/
                                    2+1/
                                    2",30,30,0,0,0,76824
大乐透,14094,开奖日期：2014-08-13,每周一、三、六21:15开奖,"13,14,24,25,34","4,7",1.69 亿,5.11 亿,5+2,8,6429806,5+1,136,34644,5+0,1540,1500,4+2,46076,200,4+1,639798,10,3+2,5442071,5,4,0,0,3+1/2+2,0,0,"3/
                                    1+2/
                                    2+1/
                                    2",13,13,1,3857883,1,20786
大乐透,14095,开奖日期：2014-08-16,每周一、三、六21:15开奖,"6,22,30,31,34","5,6",1.87 亿,5.08 亿,5+2,4,8448139,5+1,44,154164,5+0,843,3002,4+2,42176,200,4+1,733119,10,3+2,6302004,5,4,0,0,3+1/2+2,0,0,"3/
                                    1+2/
                                    2+1/
                                    2",30,30,0,0,0,92498
大乐透,14096,开奖日期：2014-08-18,每周一、三、六21:15开奖,"3,7,21,23,31","5,10",1.68 亿,4.77 亿,5+2,8,6383482,5+1,99,62566,5+0,1082,2291,4+2,36333,200,4+1,601252,10,3+2,5180414,5,4,0,0,3+1/2+2,0,0,"3/
                                    1+2/
                                    2+1/
                                    2",23,23,3,3830089,3,37539
大乐透,14097,开奖日期：2014-08-20,每周一、三、六21:15开奖,"3,15,20,21,23","7,9",1.70 亿,5.08 亿,5+2,1,10000000,5+1,33,267985,5+0,342,9643,4+2,17463,200,4+1,348590,10,3+2,3940208,5,4,0,0,3+1/2+2,0,0,"3/
                                    1+2/
                                    2+1/
                                    2",20,20,0,0,0,160791
大乐透,14098,开奖日期：2014-08-23,每周一、三、六21:15开奖,"16,18,22,25,35","3,10",1.85 亿,5.30 亿,5+2,2,10000000,5+1,45,211357,5+0,548,6129,4+2,23328,200,4+1,474589,10,3+2,4789785,5,4,0,0,3+1/2+2,0,0,"3/
                                    1+2/
                                    2+1/
                                    2",16,16,0,0,0,126814
大乐透,14099,开奖日期：2014-08-25,每周一、三、六21:15开奖,"15,21,22,23,33","1,7",1.64 亿,5.41 亿,5+2,3,10000000,5+1,52,171518,5+0,363,9094,4+2,18140,200,4+1,339534,10,3+2,3391333,5,4,0,0,3+1/2+2,0,0,"3/
                                    1+2/
                                    2+1/
                                    2",21,21,0,0,0,102910
大乐透,14100,开奖日期：2014-08-27,每周一、三、六21:15开奖,"2,4,8,12,35","1,7",1.62 亿,5.60 亿,5+2,2,10000000,5+1,40,223353,5+0,294,11889,4+2,11915,200,4+1,261338,10,3+2,2904704,5,4,0,0,3+1/2+2,0,0,"3/
                                    1+2/
                                    2+1/
                                    2",12,12,1,6000000,1,134011
大乐透,14101,开奖日期：2014-08-30,每周一、三、六21:15开奖,"9,10,12,17,28","3,11",1.74 亿,5.95 亿,5+2,0,0,5+1,88,77272,5+0,659,4434,4+2,31296,200,4+1,540930,10,3+2,4888650,5,4,0,0,3+1/2+2,0,0,"3/
                                    1+2/
                                    2+1/
                                    2",9,9,0,0,0,46363
大乐透,14102,开奖日期：2014-09-01,每周一、三、六21:15开奖,"1,7,14,19,20","3,12",1.61 亿,5.97 亿,5+2,3,9256358,5+1,69,100215,5+0,771,3366,4+2,24498,200,4+1,465150,10,3+2,4249275,5,4,0,0,3+1/2+2,0,0,"3/
                                    1+2/
                                    2+1/
                                    2",7,7,1,5553814,1,60129
大乐透,14103,开奖日期：2014-09-03,每周一、三、六21:15开奖,"14,20,23,25,26","10,12",1.59 亿,6.27 亿,5+2,1,10000000,5+1,44,199664,5+0,454,6963,4+2,16593,200,4+1,337183,10,3+2,3495960,5,4,0,0,3+1/2+2,0,0,"3/
                                    1+2/
                                    2+1/
                                    2",14,14,0,0,0,119798
大乐透,14104,开奖日期：2014-09-06,每周一、三、六21:15开奖,"7,13,14,28,32","4,11",1.76 亿,6.22 亿,5+2,5,8234166,5+1,63,130673,5+0,899,3790,4+2,23981,200,4+1,428997,10,3+2,4203354,5,4,0,0,3+1/2+2,0,0,"3/
                                    1+2/
                                    2+1/
                                    2",7,7,1,4940499,1,78403
大乐透,14105,开奖日期：2014-09-08,每周一、三、六21:15开奖,"4,10,26,29,32","4,8",1.51 亿,6.35 亿,5+2,2,10000000,5+1,54,126768,5+0,525,4725,4+2,21356,200,4+1,411040,10,3+2,4047851,5,4,0,0,3+1/2+2,0,0,"3/
                                    1+2/
                                    2+1/
                                    2",10,10,0,0,0,76060
大乐透,14106,开奖日期：2014-09-10,每周一、三、六21:15开奖,"5,9,11,20,22","5,11",1.63 亿,6.57 亿,5+2,1,10000000,5+1,67,100367,5+0,733,3559,4+2,27269,200,4+1,511446,10,3+2,4769001,5,4,0,0,3+1/2+2,0,0,"3/
                                    1+2/
                                    2+1/
                                    2",9,9,0,0,0,60220
大乐透,14107,开奖日期：2014-09-13,每周一、三、六21:15开奖,"5,13,14,21,34","8,10",1.81 亿,6.91 亿,5+2,1,10000000,5+1,53,156845,5+0,479,7012,4+2,20182,200,4+1,401905,10,3+2,4259366,5,4,0,0,3+1/2+2,0,0,"3/
                                    1+2/
                                    2+1/
                                    2",13,13,0,0,0,94107
大乐透,14108,开奖日期：2014-09-15,每周一、三、六21:15开奖,"1,2,13,23,35","9,12",1.59 亿,7.09 亿,5+2,1,10000000,5+1,65,113416,5+0,503,5239,4+2,23866,200,4+1,434286,10,3+2,4350558,5,4,0,0,3+1/2+2,0,0,"3/
                                    1+2/
                                    2+1/
                                    2",13,13,1,6000000,1,68049
大乐透,14109,开奖日期：2014-09-17,每周一、三、六21:15开奖,"15,18,20,21,23","1,2",1.60 亿,7.07 亿,5+2,5,8560406,5+1,39,218698,5+0,499,6071,4+2,15089,200,4+1,311472,10,3+2,3516724,5,4,0,0,3+1/2+2,0,0,"3/
                                    1+2/
                                    2+1/
                                    2",21,21,0,0,0,131218
大乐透,14110,开奖日期：2014-09-20,每周一、三、六21:15开奖,"9,18,19,22,24","8,11",1.76 亿,7.29 亿,5+2,1,10000000,5+1,57,130823,5+0,625,4749,4+2,26252,200,4+1,509041,10,3+2,4744512,5,4,0,0,3+1/2+2,0,0,"3/
                                    1+2/
                                    2+1/
                                    2",18,18,1,6000000,1,78493
大乐透,14111,开奖日期：2014-09-22,每周一、三、六21:15开奖,"11,16,18,20,29","3,4",1.59 亿,7.66 亿,5+2,0,0,5+1,32,253993,5+0,526,5786,4+2,18484,200,4+1,394076,10,3+2,3966936,5,4,0,0,3+1/2+2,0,0,"3/
                                    1+2/
                                    2+1/
                                    2",11,11,0,0,0,152395
大乐透,14112,开奖日期：2014-09-24,每周一、三、六21:15开奖,"3,5,14,18,32","2,10",1.62 亿,7.79 亿,5+2,2,10000000,5+1,37,229873,5+0,398,7539,4+2,16944,200,4+1,368802,10,3+2,3838561,5,4,0,0,3+1/2+2,0,0,"3/
                                    1+2/
                                    2+1/
                                    2",14,14,1,6000000,1,137923
大乐透,14113,开奖日期：2014-09-27,每周一、三、六21:15开奖,"2,13,17,19,23","1,6",1.78 亿,7.70 亿,5+2,5,7722784,5+1,57,128346,5+0,1224,2324,4+2,34385,200,4+1,596940,10,3+2,5235575,5,4,0,0,3+1/2+2,0,0,"3/
                                    1+2/
                                    2+1/
                                    2",13,13,1,4633670,1,77007
大乐透,14114,开奖日期：2014-09-29,每周一、三、六21:15开奖,"3,16,24,30,33","5,8",1.63 亿,7.59 亿,5+2,4,7238221,5+1,77,74863,5+0,1210,1681,4+2,41340,200,4+1,633186,10,3+2,5561303,5,4,0,0,3+1/2+2,0,0,"3/
                                    1+2/
                                    2+1/
                                    2",24,24,2,4342932,2,44917
大乐透,14115,开奖日期：2014-10-01,每周一、三、六21:15开奖,"1,5,26,29,30","2,10",1.50 亿,7.70 亿,5+2,2,10000000,5+1,47,159698,5+0,375,7267,4+2,15072,200,4+1,326605,10,3+2,3376981,5,4,0,0,3+1/2+2,0,0,"3/
                                    1+2/
                                    2+1/
                                    2",26,26,1,6000000,1,95818
大乐透,14116,开奖日期：2014-10-04,每周一、三、六21:15开奖,"6,13,15,24,27","4,5",1.66 亿,7.98 亿,5+2,1,10000000,5+1,63,120272,5+0,802,3672,4+2,20831,200,4+1,432609,10,3+2,4185382,5,4,0,0,3+1/2+2,0,0,"3/
                                    1+2/
                                    2+1/
                                    2",24,24,0,0,0,72163
大乐透,14117,开奖日期：2014-10-06,每周一、三、六21:15开奖,"3,14,17,18,33","6,9",1.58 亿,8.07 亿,5+2,2,10000000,5+1,45,133434,5+0,821,2661,4+2,30720,200,4+1,523125,10,3+2,5119917,5,4,0,0,3+1/2+2,0,0,"3/
                                    1+2/
                                    2+1/
                                    2",33,33,0,0,0,80060
大乐透,14118,开奖日期：2014-10-08,每周一、三、六21:15开奖,"2,3,23,24,26","5,11",1.78 亿,8.48 亿,5+2,0,0,5+1,33,244438,5+0,481,6756,4+2,22360,200,4+1,438154,10,3+2,4297104,5,4,0,0,3+1/2+2,0,0,"3/
                                    1+2/
                                    2+1/
                                    2",26,26,0,0,0,146662
大乐透,14119,开奖日期：2014-10-11,每周一、三、六21:15开奖,"4,8,9,13,18","8,12",2.00 亿,8.77 亿,5+2,1,10000000,5+1,91,93176,5+0,671,4427,4+2,33886,200,4+1,660095,10,3+2,6330574,5,4,0,0,3+1/2+2,0,0,"3/
                                    1+2/
                                    2+1/
                                    2",4,4,0,0,0,55905
大乐透,14120,开奖日期：2014-10-13,每周一、三、六21:15开奖,"1,4,6,18,33","5,11",1.78 亿,9.02 亿,5+2,2,10000000,5+1,27,339635,5+0,352,10406,4+2,17872,200,4+1,353682,10,3+2,3786338,5,4,0,0,3+1/2+2,0,0,"3/
                                    1+2/
                                    2+1/
                                    2",33,33,0,0,0,203781
大乐透,14121,开奖日期：2014-10-15,每周一、三、六21:15开奖,"13,16,18,22,32","8,10",1.90 亿,9.04 亿,5+2,3,9296431,5+1,64,137085,5+0,573,5471,4+2,29241,200,4+1,513732,10,3+2,5135603,5,4,0,0,3+1/2+2,0,0,"3/
                                    1+2/
                                    2+1/
                                    2",22,22,2,5577858,2,82251
大乐透,14122,开奖日期：2014-10-18,每周一、三、六21:15开奖,"3,10,25,26,35","1,7",2.11 亿,9.22 亿,5+2,2,10000000,5+1,83,115949,5+0,819,4222,4+2,35282,200,4+1,612200,10,3+2,5677939,5,4,0,0,3+1/2+2,0,0,"3/
                                    1+2/
                                    2+1/
                                    2",25,25,1,6000000,1,69569
大乐透,14123,开奖日期：2014-10-20,每周一、三、六21:15开奖,"1,9,12,22,25","2,9",1.86 亿,9.26 亿,5+2,3,9784550,5+1,34,249870,5+0,738,4078,4+2,29168,200,4+1,522876,10,3+2,5183090,5,4,0,0,3+1/2+2,0,0,"3/
                                    1+2/
                                    2+1/
                                    2",22,22,1,5870730,1,149922
大乐透,14124,开奖日期：2014-10-22,每周一、三、六21:15开奖,"1,3,28,29,35","8,12",1.88 亿,9.27 亿,5+2,4,8967600,5+1,27,360690,5+0,358,10668,4+2,18637,200,4+1,387191,10,3+2,4163477,5,4,0,0,3+1/2+2,0,0,"3/
                                    1+2/
                                    2+1/
                                    2",1,1,2,5380560,2,216414
大乐透,14125,开奖日期：2014-10-25,每周一、三、六21:15开奖,"12,15,19,23,31","4,10",2.09 亿,9.42 亿,5+2,2,10000000,5+1,114,77763,5+0,993,3170,4+2,39375,200,4+1,690874,10,3+2,6068930,5,4,0,0,3+1/2+2,0,0,"3/
                                    1+2/
                                    2+1/
                                    2",23,23,1,6000000,1,46657
大乐透,14126,开奖日期：2014-10-27,每周一、三、六21:15开奖,"2,9,22,30,34","9,10",1.88 亿,9.73 亿,5+2,1,10000000,5+1,37,221647,5+0,529,6549,4+2,24583,200,4+1,527261,10,3+2,5059389,5,4,0,0,3+1/2+2,0,0,"3/
                                    1+2/
                                    2+1/
                                    2",30,30,0,0,0,132988
大乐透,14127,开奖日期：2014-10-29,每周一、三、六21:15开奖,"2,4,6,15,19","2,11",1.91 亿,9.80 亿,5+2,3,10000000,5+1,28,394336,5+0,488,7472,4+2,17168,200,4+1,364236,10,3+2,4048700,5,4,0,0,3+1/2+2,0,0,"3/
                                    1+2/
                                    2+1/
                                    2",6,6,2,6000000,2,236601
大乐透,14128,开奖日期：2014-11-01,每周一、三、六21:15开奖,"2,4,16,22,34","8,11",2.13 亿,10.12 亿,5+2,2,10000000,5+1,52,221454,5+0,612,6176,4+2,25378,200,4+1,467695,10,3+2,4831955,5,4,0,0,3+1/2+2,0,0,"3/
                                    1+2/
                                    2+1/
                                    2",22,22,0,0,0,132872
大乐透,14129,开奖日期：2014-11-03,每周一、三、六21:15开奖,"7,22,28,30,32","5,6",2.04 亿,10.44 亿,5+2,1,10000000,5+1,44,195460,5+0,526,6336,4+2,30916,200,4+1,610630,10,3+2,5985244,5,4,0,0,3+1/2+2,0,0,"3/
                                    1+2/
                                    2+1/
                                    2",28,28,0,0,0,117276
大乐透,14130,开奖日期：2014-11-05,每周一、三、六21:15开奖,"2,18,31,32,33","5,7",2.04 亿,10.48 亿,5+2,3,9832710,5+1,65,116010,5+0,960,3250,4+2,38413,200,4+1,689033,10,3+2,6096091,5,4,0,0,3+1/2+2,0,0,"3/
                                    1+2/
                                    2+1/
                                    2",32,32,1,5899626,1,69606
大乐透,14131,开奖日期：2014-11-08,每周一、三、六21:15开奖,"3,16,19,23,27","3,7",2.30 亿,10.70 亿,5+2,2,10000000,5+1,222,36617,5+0,1020,3660,4+2,35702,200,4+1,672958,10,3+2,6366555,5,4,0,0,3+1/2+2,0,0,"3/
                                    1+2/
                                    2+1/
                                    2",16,16,1,6000000,1,21970
大乐透,14132,开奖日期：2014-11-10,每周一、三、六21:15开奖,"1,3,4,19,32","1,7",2.07 亿,11.04 亿,5+2,2,10000000,5+1,26,434759,5+0,451,10065,4+2,19888,200,4+1,407104,10,3+2,4131322,5,4,0,0,3+1/2+2,0,0,"3/
                                    1+2/
                                    2+1/
                                    2",32,32,0,0,0,260855
大乐透,14133,开奖日期：2014-11-12,每周一、三、六21:15开奖,"2,8,12,14,18","4,12",2.11 亿,11.26 亿,5+2,2,10000000,5+1,250,44271,5+0,528,7058,4+2,25706,200,4+1,537306,10,3+2,5529952,5,4,0,0,3+1/2+2,0,0,"3/
                                    1+2/
                                    2+1/
                                    2",14,14,1,6000000,1,26562
大乐透,14134,开奖日期：2014-11-15,每周一、三、六21:15开奖,"2,5,7,11,32","9,12",2.31 亿,11.58 亿,5+2,2,10000000,5+1,43,244459,5+0,519,8370,4+2,27402,200,4+1,578031,10,3+2,6098321,5,4,0,0,3+1/2+2,0,0,"3/
                                    1+2/
                                    2+1/
                                    2",32,32,0,0,0,146675
大乐透,14135,开奖日期：2014-11-17,每周一、三、六21:15开奖,"20,26,28,30,35","9,12",2.07 亿,11.92 亿,5+2,2,10000000,5+1,38,316405,5+0,490,8609,4+2,17071,200,4+1,382261,10,3+2,4203615,5,4,0,0,3+1/2+2,0,0,"3/
                                    1+2/
                                    2+1/
                                    2",28,28,0,0,0,189843
大乐透,14136,开奖日期：2014-11-19,每周一、三、六21:15开奖,"4,18,20,34,35","7,11",2.10 亿,11.54 亿,5+2,9,6580696,5+1,77,116563,5+0,911,3580,4+2,31766,200,4+1,580446,10,3+2,5691797,5,4,0,0,3+1/2+2,0,0,"3/
                                    1+2/
                                    2+1/
                                    2",34,34,6,3948417,6,69937
大乐透,14137,开奖日期：2014-11-22,每周一、三、六21:15开奖,"2,11,16,22,34","2,5",2.29 亿,11.79 亿,5+2,2,10000000,5+1,53,175018,5+0,1069,3159,4+2,42893,200,4+1,759635,10,3+2,6869098,5,4,0,0,3+1/2+2,0,0,"3/
                                    1+2/
                                    2+1/
                                    2",34,34,0,0,0,105010
大乐透,14138,开奖日期：2014-11-24,每周一、三、六21:15开奖,"1,7,29,32,34","9,12",2.04 亿,11.86 亿,5+2,4,10000000,5+1,25,418179,5+0,550,7056,4+2,18430,200,4+1,398400,10,3+2,4114793,5,4,0,0,3+1/2+2,0,0,"3/
                                    1+2/
                                    2+1/
                                    2",1,1,1,6000000,1,250907
大乐透,14139,开奖日期：2014-11-26,每周一、三、六21:15开奖,"3,5,7,15,34","1,10",2.06 亿,12.01 亿,5+2,3,10000000,5+1,33,326240,5+0,368,11065,4+2,18782,200,4+1,417428,10,3+2,4664255,5,4,0,0,3+1/2+2,0,0,"3/
                                    1+2/
                                    2+1/
                                    2",5,5,1,6000000,1,195744
大乐透,14140,开奖日期：2014-11-29,每周一、三、六21:15开奖,"1,19,20,25,34","7,12",2.29 亿,12.52 亿,5+2,1,10000000,5+1,43,307985,5+0,368,13062,4+2,19423,200,4+1,390968,10,3+2,4470655,5,4,0,0,3+1/2+2,0,0,"3/
                                    1+2/
                                    2+1/
                                    2",25,25,0,0,0,184791
大乐透,14141,开奖日期：2014-12-01,每周一、三、六21:15开奖,"4,17,20,26,29","5,8",2.02 亿,12.45 亿,5+2,5,7942185,5+1,61,137838,5+0,1527,1889,4+2,40146,200,4+1,675758,10,3+2,6335371,5,4,0,0,3+1/2+2,0,0,"3/
                                    1+2/
                                    2+1/
                                    2",17,17,1,4765311,1,82702
大乐透,14142,开奖日期：2014-12-03,每周一、三、六21:15开奖,"18,21,25,28,30","4,6",2.00 亿,12.14 亿,5+2,10,6504645,5+1,107,68621,5+0,1259,2183,4+2,49268,200,4+1,770424,10,3+2,6479868,5,4,0,0,3+1/2+2,0,0,"3/
                                    1+2/
                                    2+1/
                                    2",18,18,0,0,0,41172
大乐透,14143,开奖日期：2014-12-06,每周一、三、六21:15开奖,"1,11,14,18,25","6,10",2.24 亿,12.41 亿,5+2,3,10000000,5+1,66,183630,5+0,561,8649,4+2,20943,200,4+1,427920,10,3+2,4684149,5,4,0,0,3+1/2+2,0,0,"3/
                                    1+2/
                                    2+1/
                                    2",14,14,0,0,0,110178
大乐透,14144,开奖日期：2014-12-08,每周一、三、六21:15开奖,"1,21,24,25,35","4,11",1.99 亿,12.90 亿,5+2,0,0,5+1,39,263431,5+0,521,7414,4+2,20355,200,4+1,404231,10,3+2,4483108,5,4,0,0,3+1/2+2,0,0,"3/
                                    1+2/
                                    2+1/
                                    2",24,24,0,0,0,158058
大乐透,14145,开奖日期：2014-12-10,每周一、三、六21:15开奖,"15,19,22,24,26","10,11",2.00 亿,13.21 亿,5+2,2,10000000,5+1,40,271725,5+0,442,9341,4+2,18543,200,4+1,409416,10,3+2,4325275,5,4,0,0,3+1/2+2,0,0,"3/
                                    1+2/
                                    2+1/
                                    2",15,15,0,0,0,163035
大乐透,14146,开奖日期：2014-12-13,每周一、三、六21:15开奖,"2,16,23,24,28","10,11",2.55 亿,13.61 亿,5+2,2,10000000,5+1,197,53974,5+0,917,5250,4+2,31805,200,4+1,640982,10,3+2,6040629,5,4,0,0,3+1/2+2,0,0,"3/
                                    1+2/
                                    2+1/
                                    2",16,16,0,0,0,32384
大乐透,14147,开奖日期：2014-12-15,每周一、三、六21:15开奖,"5,9,14,26,34","2,9",2.03 亿,13.25 亿,5+2,9,6543131,5+1,58,153503,5+0,844,4087,4+2,31595,200,4+1,569440,10,3+2,5935870,5,4,0,0,3+1/2+2,0,0,"3/
                                    1+2/
                                    2+1/
                                    2",26,26,5,3925878,5,92101
大乐透,14148,开奖日期：2014-12-17,每周一、三、六21:15开奖,"3,9,10,11,20","7,9",1.99 亿,13.27 亿,5+2,4,9318025,5+1,146,57656,5+0,892,3378,4+2,36279,200,4+1,664026,10,3+2,5828933,5,4,0,0,3+1/2+2,0,0,"3/
                                    1+2/
                                    2+1/
                                    2",20,20,0,0,0,34593
大乐透,14149,开奖日期：2014-12-20,每周一、三、六21:15开奖,"2,13,19,26,35","1,5",2.24 亿,12.34 亿,5+2,23,5849579,5+1,85,109364,5+0,732,4838,4+2,37408,200,4+1,687255,10,3+2,6448178,5,4,0,0,3+1/2+2,0,0,"3/
                                    1+2/
                                    2+1/
                                    2",2,2,1,3509747,1,65618
大乐透,14150,开奖日期：2014-12-22,每周一、三、六21:15开奖,"19,21,30,33,35","5,7",2.00 亿,12.11 亿,5+2,6,7050858,5+1,67,132908,5+0,705,4894,4+2,28550,200,4+1,529897,10,3+2,5095424,5,4,0,0,3+1/2+2,0,0,"3/
                                    1+2/
                                    2+1/
                                    2",35,35,6,4230514,6,79744
大乐透,14151,开奖日期：2014-12-24,每周一、三、六21:15开奖,"3,8,26,31,32","8,12",2.00 亿,11.93 亿,5+2,7,6987198,5+1,78,98775,5+0,1012,2709,4+2,45463,200,4+1,749520,10,3+2,6676122,5,4,0,0,3+1/2+2,0,0,"3/
                                    1+2/
                                    2+1/
                                    2",31,31,1,4192318,1,59265
大乐透,14152,开奖日期：2014-12-27,每周一、三、六21:15开奖,"5,12,18,24,33","1,5",2.21 亿,12.11 亿,5+2,3,10000000,5+1,126,85285,5+0,688,6415,4+2,23143,200,4+1,484224,10,3+2,4827301,5,4,0,0,3+1/2+2,0,0,"3/
                                    1+2/
                                    2+1/
                                    2",12,12,1,6000000,1,51171
大乐透,14153,开奖日期：2014-12-29,每周一、三、六21:15开奖,"1,8,13,24,32","5,10",1.97 亿,12.12 亿,5+2,4,9037107,5+1,68,143133,5+0,573,6597,4+2,23453,200,4+1,428546,10,3+2,4540984,5,4,0,0,3+1/2+2,0,0,"3/
                                    1+2/
                                    2+1/
                                    2",8,8,2,5422264,2,85879
大乐透,14154,开奖日期：2014-12-31,每周一、三、六21:15开奖,"5,12,17,23,28","2,9",2.06 亿,11.35 亿,5+2,14,5913927,5+1,109,81189,5+0,1439,2082,4+2,38513,200,4+1,643859,10,3+2,5862160,5,4,0,0,3+1/2+2,0,0,"3/
                                    1+2/
                                    2+1/
                                    2",17,17,10,3548356,10,48713
